"DESCRIPTION","DURATION IN MS","NAME","PARENT SUITE","START TIME","STATUS","STOP TIME","SUB SUITE","SUITE","TEST CLASS","TEST METHOD"
"","5857","Browser Windows - Validation","chromium","Sat Jan 17 05:59:53 UTC 2026","passed","Sat Jan 17 05:59:59 UTC 2026","Accenture Technical Challenge - DemoQA Automation","challenge.spec.ts","",""
"","1771","Scenario 02: Alerts & Windows - Browser Windows Validation","chromium","Sun Jan 18 04:09:23 UTC 2026","passed","Sun Jan 18 04:09:25 UTC 2026","Accenture Technical Challenge - Front End Validations","challengeFrontEnd.spec.ts","",""
"","1951","Scenario 01: Elements - Practice Form Submission","chromium","Sun Jan 18 04:09:19 UTC 2026","passed","Sun Jan 18 04:09:21 UTC 2026","Accenture Technical Challenge - Front End Validations","challengeFrontEnd.spec.ts","",""
"","15125","Progress Bar - Control Flow","chromium","Sat Jan 17 05:59:59 UTC 2026","passed","Sat Jan 17 06:00:14 UTC 2026","Accenture Technical Challenge - DemoQA Automation","challenge.spec.ts","",""
"","3719","API - Book Store Flow","chromium","Sat Jan 17 05:59:40 UTC 2026","passed","Sat Jan 17 05:59:44 UTC 2026","Accenture Technical Challenge - DemoQA Automation","challenge.spec.ts","",""
"","23046","Scenario 04: Widgets - Progress Bar Control","chromium","Sun Jan 18 04:09:37 UTC 2026","passed","Sun Jan 18 04:10:00 UTC 2026","Accenture Technical Challenge - Front End Validations","challengeFrontEnd.spec.ts","",""
"","5324","Upload and Download - File Validation","chromium","Sat Jan 17 06:00:15 UTC 2026","passed","Sat Jan 17 06:00:20 UTC 2026","Accenture Technical Challenge - DemoQA Automation","challenge.spec.ts","",""
"","16736","Scenario 05: Interactions - Sortable List Drag and Drop","chromium","Sun Jan 18 04:10:18 UTC 2026","passed","Sun Jan 18 04:10:34 UTC 2026","Accenture Technical Challenge - Front End Validations","challengeFrontEnd.spec.ts","",""
"","8995","Web Tables - Dynamic Data Management","chromium","Sat Jan 17 05:59:44 UTC 2026","passed","Sat Jan 17 05:59:53 UTC 2026","Accenture Technical Challenge - DemoQA Automation","challenge.spec.ts","",""
"","2637","API - Book Store Flow with Data Validation","chromium","Sun Jan 18 04:09:19 UTC 2026","passed","Sun Jan 18 04:09:22 UTC 2026","Accenture Technical Challenge - API Validation","challengeAPI.spec.ts","",""
"","12016","Scenario 03: Elements - Web Tables CRUD and Dynamic Bulk Creation","chromium","Sun Jan 18 04:09:25 UTC 2026","passed","Sun Jan 18 04:09:37 UTC 2026","Accenture Technical Challenge - Front End Validations","challengeFrontEnd.spec.ts","",""
